sentence_id,sentence_text,label
15480,"The room was spacious and extremely comfortable, serviced daily and I was provided with more than I needed.",0
45314,"when you travel, staying this hotel is  MUST and .DUTY.",0
24512,A beautiful fountain show takes place near the hotel at night.,0
7894,"would recommend this hotel, you need to see it .",0
33324,"I don't know, as we would happily have paid more to get what we thought we were getting.",0
50093,Don't attempt the mini bar unless you want to pay through the nose and I would also recommend eating outside of the hotel as our one sandwich with crisps cost over $20.,1
57001,We chose to pay an upgrade cost to have a city view club room (which we could have immediately) and this was well worth it.,0
58616,It was unfortunate that the haze was so thick because the views are probably outstanding.,0
6035,If I were to return to Singapore I would definitely stay here again.,0
933,I can 't believe a high end hotel that prides itself in customer service would actually offer a guest to give up 2 rooms on the 5th floor that 's ready for an early check in so that they can wait without a room for another four hours and can get a higher room on the 6th floor!,0
38558,Make sure your in tower one or two.,1
33340,Also if they could find a way to stop people just leaving their towels on the pool deck chairs all day then that would make it more fair for everyone.,1
38093,This we had a light dinner included.,0
33251,"Would we stay again, I think we would.",0
30714,There are less people and you 'll get to enjoy the view of the iconic buildings.,0
64552,My husband and I truely enjoyed our stay here and would recommend to anyone to stay a few nights here!,0
19872,Also once you enter the bar that is up there you cant exit back onto the observation desk for some reason or other.,0
49895,"And i think the beer prices must have gone up ,",0
60756,I recommend this hotel as there's lots to do in and around and the rooftop pool is a must to swim in and take in the view....but chances are I would probably find alternative accommodations when I'm back in Singapore next.,1
16669,I could easily have doubled that if I could have afforded it.,0
41935,We thoroughly enjoyed staying in this opulent hotel.,0
68347,"I like the room very much, I wa with my sister and dad.",0
26333,"I 'm not sure if you would call the pool area  u201crelaxing, u201d",0
33082,Loved sitting next to the pool as the view is amazing the only thing they could do is make the deck chairs more comfortable.,1
33823,"Whereas at other hotels, you'll probably be looking only from behind the window glass.",0
34832,"Not cheap, but a must do - suggest 2 nights minimum to cover all aspects.",1
8261,It was a very warm day with high UV levels when we went so I would advise bringing sunblock lotion etc.,1
36877,we loved the pool and shops at this hotel.,0
32270,Room was as described and expected and overlooked the bay from where we could see the evening water/light show.,0
15747,What I didn 't expect was the level of service at such a huge hotel.,0
50626,Would definitely return.,0
5540,These gardens have a light show nightly we could watch perfectly from the balcony of our room.,0
43484,Check in was fairly slow and took us about 15 minutes.,0
35114,Try to get a package as it is expensive.,1
38650,"The bed was very comfortable, the room was very spacious and seem to have everything in it to accommodate your needs.",0
63090,I would reccommend MBS to anyone wanting that WOW factor or celebrating a special occasaion.,0
38236,It is an amazing hotel great experience.,0
23947,Pros:  -great location.,0
66564,The first night I wanted a quick drink and to check email before I met a colleague but could not find space to put a laptop down.,0
51400,My only small wish is that they would leave a little space in the mini bar to put some fresh milk but that's a minor issue in an otherwise wonderful resort with everything from simple Dim Sum restaurants to celebrity chef restaurants.,1
19552,"because on the qualifying day we decided to be up in the bar instead of being on the track, so we chose to be in ce la vie, however on entering, the hostess told us that for us to find a table our minimum spend per person should be $250.",0
66446,.make sure you have plenty of money you will need it.,1
50122,"Rooms are as usual all well maintained and very clean, sheets beds all up to top standard you would expect.",0
39670,Excellent in all respects.,0
62095,The only negative I could say was the room service ordered by us on 29th night where the club sandwich was dry and the chicken was tasteless but everything else was so good I guess the 71.00 SGD spent on it can be overlooked,0
28522,Didn 't manage to try any restaurants.,0
47766,As is the pool.,0
8801,"Either be a world class hotel or a Disney land attraction, but don 't try and be both.",1
35610,We got the Club Room with City views at a reasonable price.,0
31051,"Make sure you leave time to explore - there are cool things everywhere like the mirrors on the outside that move with the wind, or the fountain that looks like a big    ""water pinball   "" wall near the pick up zone outside tower 3.",1
24053,Room service staff were always prompt and very friendly and the housekeeping staff would always leave some cute little friends made out of towels/face cloths :),0
9436,"We recently stayed in Singapore for 4 nights, 3 in a hotel on Clarke Quay and the last night in MBS, basically because that 's all we could afford!!",0
46444,Reservation rules should be put in place to allow for fairness.,1
50574,"and I was among the lucky ones that could check in 3h earlier than the usual check-in time 3pm, which I think is freaking late.",0
31117,"The service was pretty good, my only complaint would be the cost.",0
17275,I book the Orchard Suite with City View in Mid. June at Agoda.com for my son's Birthday.,0
24056,"The room we had was amazing, I recommend to ask for a room with a city view on a high floor.",1
50010,The views at night are spectacular with day views almost as good.,0
53888,"This massive hotel is one of those    ""bucket list   "" destinations - stay there, even if only to tick it off your list.",0
19254,"I'm not saying this to drive you away from this hotel, being able to swim in the pool on top of the city of Singapore was well worth the so-so room.",0
57520,We had 3 people in one room and the third had a foldout bed which was a little disapointing but was still comfee,0
30995,For me this was the best part.,0
49557,Everyone had a camera in hand and capturing pictures.,0
51976,Would recommend this hotel to anyone while they are visiting Singapore!,0
52359,It felt quite chaotic.,0
6561,"Or, walk to Singapore 's Civic District and its many historical and entertainment spots.    -",0
31485,Highly recommend u2764 ufe0f,0
9564,Pricey but worth the treat once a lifetime!!!,0
42701,"yes,there are so many other properties that provide good service and hospitality but the beautiful design,view this hotel offers is a notch higher.",0
14331,The reason I gave this title was because these big flash iconic hotels leave me cold.,0
4263,SPAGO (POOL SIDE),0
46555,I would stay here again for sure.,0
19811,This establishment is the epitome of class and comfort at its finest.,0
24791,We could see the light show from our room if we wanted to.,0
46017,Admittedly we only stayed at the Marina Bay Sands for use of the spectacular infinity pool and it lived up to our expectations and more!,0
34825,"The hotel has lots of facilities, lots of restaurants but the price goes with the clientele they are after - which isn't someone who is broke... make of this review what you will.",0
69741,The breakfast is very good with a huge spread.,0
11457,"but it was never crazy busy, and we could always get a lounge chair.",0
57307,Breakfast was very good with great waiting staff.,0
52714,A great one stop place in Singapore.,0
31307,Beds and rooms also confortables!!!,0
47812,"For being voted as one of the best hotels in the world, we were somewhat disappointed with the room.",0
46801,Need to walk to Tower 1 where it linked to the Shoppes at Marina Bay Sands where abundance of mid-range and upmarket shopping and eating awaits.,0
15732,"I would say expect the best for everything, the bed, the food, the sound proofing, the bath etc.",0
10802,"However, even more annoying was, that the adults only whirpool was not really an adults only pool and neither the lifeguards, nor the pool guys, nor staff walking around in suits are able or willing to tell the kids/parents to keep this whirpool for adults only (please remark, there is also a family whirlpool).",0
24483,but it 's all a matter of taste as both are amazing!,0
40551,"Although initially sceptical due to some average reviews and the sheer size of the complex, I ended up very pleased with my stay at the MBS and would come here again when in Singapore.",0
15501,Try to get there first thing in the morning when they open (6am) when it's still empty.,1
11031,The charges may be optimized and some restaurants should be set up to offer vegetarian food.,1
56736,There Sands SkyPark Observation Deck Take in the stunning views from the public observation deck at Marina Bay Sands.,0
67660,I stayed at the hotel on 3 March on the 42nd floor in Tower 3.,0
33774,We booked for a Grand Club Room.,0
3937,You can opt for Rise (in the lobby) or Spago (55th floor).,0
43443,"If you can, pick city skyline or premier room, which are higher.",1
17441,This place is amazing and should be on everyone's bucket list.,0
26412,We spend most of our time at the pool from morning to night.,0
43785,The pool is amazing during the day but even more spectacular at night.,0
16444,"The Pool,was again fantastic,stunning views over Singapore and was even better at night when everything was lit up  Would highly recommend,not cheap but well worth it.",0
52271,The room was very very spacious.,0
67380,"I always found a free spot at the pool, did not have to wait long at check-in nor at check-out and we always got seated at breakfast in less than five minutes.",0
53969,"To top it off, the city was preparing for the Formula 1 race, so everything was lit up at night.",0
9376,Could watch the light show from it.,0
36374,I would rate as the best.,0
39368,The experience of my stay was one of the best I will totally go there again.,0
24977,I strongly recommend anyone to stay at MBS when they visit Singapore from overseas or even just for a staycation or a special occasion!,0
38070,"You can then donate your money to the world's largest atrium casino with 500 tables and 1,600 slot machines.",0
48569,That view!!,0
47682,"She asked if we would walk her to the gate entrance to the pool, use our key and let her out of the pool.",0
24863,We had booked a transfer from our flight and they met us at the airbridge!,0
57121,"I liked it, but would stay at a smaller hotel next time around.",0
63412,"Recommend upgrading to a club room and making use of the club lounge for breakfast, afternoon tea and pre dinner drinks.",1
58470,"Rooms were sadly...normal, i stayed 2 different rooms none had balcony (there might be different room category which i did not have chance to stay).",0
67876,Marina Sands also has a theatre and Cats was playing but we did not get around to watching that.,0
67276,We might be bias due to the special treatment we received but I would recommend this hotel to anyone - splash out!!,1
22436,Facilities were clean and well maintained  The Infinity Swimming Pool was the best highlight for my kids.,0
56823,Access to the mall is very good.,0
22197,No express check out like most hotels in Europe.,0
20075,The food was simply perfect and was so plentiful it meant that the two days we were there we didn 't need to eat anywhere else.,0
43594,We visited Raffles and next time I would stay there.,0
13057,We highly recommend the hotel and we really appreciated the services provided by the friendly staff.,0
12043,"Rooms are reasonably clean, blandly dressed and not in brand new condition with reasonable wear and tear, the design layout is impractical in part (bathroom and toilet lights are located next to door, toilet and shower should have been reversed)",0
52114,all the facilities you could want with a high standard.,0
48428,"We also went to one of their roof top fine dining restaurants, again, 10/10!",0
41990,Many breakfast options although Rise remains to be the best.,0
33456,It was an unforgettable trip and I would to thank all of the staff for treating us so well.,0
48263,"Probably would not come back here due to cost, but this is a great opportunity.",0
60195,Would stay again next year if possible !!,0
34115,"I simply can't put into words how each member of staff made us feel, the whole experience was simply fantastic and I would definitely go back there.",0
39121,"We went up to the pool just after we checked in, it was really busy we couldn't even get a bed at first then managed to get one looking over the gardens of the bay but because we wanted to get a good sunset video we moved to the city line view when beds were available.",0
8876,The infinity pool is amazing and if you stay at the hotel just to swim in that pool it would be well worth it.,0
61285,"The check-in staff was very polite and friendly; after finding out i had friends from overseas who would be staying with me, she upgraded me to a marina suite (1 size bigger).",0
19524,visited the Marina Bay sands to enjoy the mall and Casino.,0
10592,even if you asked they said they do not have.,0
45326,Hope we do not need to wait for too long.,0
59548,Absolute comfort within the room and in every corner of the hotel.,0
66524,We had a room on the 53rd floor with city view.,0
13667,"Checking in was long, but I could not blame them because my reservations were complicated.",0
31266,We got lounges by the pool side and in we went.,0
21854,A big thank you to James!!,0
44962,Overall this was a great experience that we wanted to do once but is an extremely crowded and huge hotel and very expensive.,0
16532,And obviously beer is not free.,0
26453,"I sensed that some of the guests up on the top had a real sense of self importance... an    ""I'm richer and better than you   "" kind of attitude.",0
30651,Worth visit and spend here.,0
30609,You can try their express check out to save time from queuing.,1
17995,If your over due for some pampering and relaxation I highly recommend this property..,0
48165,Hotel structure is the main attration its was truly awesome.i m stay for one day in this hotel.infinity pool at top of marina bay sands is such a amazing blow everyones mind.great hotel staff.rooms are preety good.all the things in room in a new condition.morning breakfast is good.if u are visit singapore than u should visit marina bay sands one time.totally worth the price.have a nice journey ahead..thanks,0
204,This could be a long overdue review since we stayed at Marina Bay Sands Singapore last 31st of July which was our most awaited honeymoon destination.,0
29653,"I would like to give it four and a half stars, but this rating does not exist.",0
5175,This place isn 't cheap - about  u00a3500 per night GBP for a family suite - but it was well worth it and definitely one that you must do at least once (hopefully more) in a lifetime.,0
36987,I would say it is more for young children than adults .,1
58720,Nice view of Garden Garden By The Bay from the balcony.,0
55932,I would seriously recommend staying here a east once in your life time and feeling like kings and queens!,0
63011,"The bad bits.....    Should have been made aware of the renovation going on, but I would have still come.",0
59115,"I recommend the experience because of the pool, it is worth for at least one night, but if you want a warmer reception, Marina Bay Sands is not the best place.",0
50951,Yes location is centralised with many food places can be found not too far distance from the location of hotel.,0
6964,To be fair they were giving out bottles of water to those waiting in the long lines to check in and check out if you are coming by car I recommend you use the valet parking because if not you have to walk for miles!!,1
57586,"You could come to Singapore and never leave Marina Bay and have an amazing experience, which I guess is the whole point.",0
20638,We will be back to stay in this hotel again.,0
11700,We started with a 10 day cruise from HongKong to Singapore and in the end it cost more for 5 days at Marina Bay than the rest of the trip combined ...,0
23040,Would definitely recommend doing this - you'd be gutted if you paid the money and ended up being at the bottom of the hotel!,1
2996,"Otherwise, it would be packed with guests 24/7, which would spoil the special experience.",0
58796,"The section of pool nearest to tower 3 is adult only, but some kids who don't understand this do get in, but the staff try to react to this.",0
63738,We enjoyed the perks of the no entry fee when visiting SkyPark.,0
27385,Pool  cleaning time is staggered by 30 mins starting at 3:30pm.,0
40238,One should be lucky to get space in the lift to get down to the lobby before 15 minutes.,0
45577,Good viewing spots for both sides of the hotel.,0
57836,I would recommend this to anyone travelling to Singapore - but would recommend you consider limiting your stay to one day and night - and bask in the full rooftop experience.,1
12082,Each one of them was very friendly and would do anything you asked them.,0
41169,Not to bad for prices really normal city prices what you would expect to pay but especially cheap for the view you get and for how stunning the hotel is .,0
5955,Our room overlooking bay gardens by the bay pull the curtains back you get a memorable view   Room bathroom large and kept spotless   Bed very comfortable clean linen and lots soft towel,0
40543,This should have been better managed so we could have prepared in advance and left the room!,1
38994,"The hotel is 5 start and an amazing experience if you can affort it, specially the eternity pool and views of the Marina sands area and the gardens by the bay.",0
3295,The bed was comfy and the bathroom had very nice amenities!,0
68778,When we got there the only place to get changed was in the toilets.,0
9846,The tree show and the water show was out of this world i highly recommend.. the all you can eat buffet was also well worth the money 5* and more,1
18205,He is so helpful  u2764 ufe0f,0
25956,He said that he would get us a room right then and we could relax before our breakfast.,0
53780,so I could get off the property and meet up with local friends easily.,0
11501,Lots of caf u00e9 and bar choices.,0
52673,more cities should emulate such a convention zone..,0
24668,At night the sky park was lit up and views were wonderful.,0
53270,"Service was sometimes slow and especially ordering things (ie. pillows/sheets) to the room took over an hour, but I guess you would expect that from such a large hotel.",0
23891,Thank you James for giving us an opportunity to enjoy the pool with my family and kids..,0
28403,The balcony was big and private enough that you can comfortably sit back and relax and enjoy the view day or night.,0
55555,"people, place and climate all great.",0
55573,Got out of hand before the staff could realise.,0
1425,The coffee maker brewed fresh coffee.,0
12071,Great room and amenities.,0
15116,"The room was fantastic, clean and spacious.",0
55869,"The pool is spectacular, with a wonderful view and it was big enough to cater for the crowd.",0
17046,The hotel and complex is excellent and it 's very true that you get what you pay for.,0
45013,My husband and I spent one night (and only one!!!,0
49266,- There is a food court at the end of the shopping plaza where you can buy really cheap meals; it's chaotic with tons of people but pretty good food.,0
2688,"Australia is the best country, however we could learn a lot from Singapore about Harmony, respect and human decency.",0
29338,Sands have many dining options and they serve almost every cuisine in the world.,0
13595,"Lots to do, you need to visit it at day and night!",0
15809,"In terms of the overall hotel you need to remember that this place is a destination in its own right, and it is huge.",0
16030,"The staff are really thoughtful and very accommodating, the rooms are really spacious and luxurious and the surrounding view is so lovely.",0
52767,The staff is extremely friendly and fast.,0
60110,we could see the Garden by the bay absolutely breath taking view especially at the night time.,0
54893,It is very famous but it is not so crowded.,0
56624,"We arrived around noon and our room wasn't ready, but we could leave our bags at the reception desk and get to the pool.",0
46647,but I recommend it if you get a sunny day.,1
62510,"Can enjoy water show in the evening, casino and shopping inside the hotel.",0
65482,"However please note can get very crowed, especially on weekends and always keep a eye out for the Selfie Sticks...pointing in every possibly direction!",1
35923,The hotel accommodated to our 3rd guest with a nice proper roll-out bed which was just as comfortable (it JUST fitted in between the twin beds so families be warned).,0
64312,We arrived at 5pm on Thursday and thought it was going to be busy,0
10909,"Nonetheless, I would probably stay here again.",0
19852,No tipping required service charge and government tax are added.,0
54741,It's a grand hotel and our deluxe suite was just incredible with beautiful sea views.,0
55530,A++++++ awesome and fabulous views the lunch was awesome we had a three course meal it was professional would definitely go back!!!!!!!!!!!!!!!!!!!!!!!!!!!!!!!!!!!!!!!!!!!,0
56601,The room has good seaview.,0
49538,"Only hotel guests are allowed to access the pool, which is a wonderful thing as I'm sure everyone would be there otherwise!",0
44478,Love the location.,0
56662,"Ok to stay for 1-2 nights, but more would be to much.",0
18376,**Room view ::    Please refer the hotel website for clear understanding of each room type and view.,0
38648,"Nonetheless, well worth it.",0
53903,"I highly recommend this hotel however please not it is pretty expensive, even the cafes/shops in the Shoppe are dear.",0
17611,You have to be a hotel guest to try it,0
37668,I wouldn't particularly recommend the room upgrade either.,1
33663,You cannot missed this hotel when you are going to visit Singapore.,0
43164,I'll post pics when I transfer from my GoPro.,0
54196,View is the same as we get in our room so we didn't really feel there was a need to go again.,0
47404,The sky bar has great photo op and best time is around 630pm when dusk comes.,1
32889,"Definitely should be your best choice,     I have always been a fan of the Marina Bay Pan Pacific but the this is my new hotel of choice.",0
40153,One side looks across the harbour with its floating football pitch; the other side looks across the gardens and skywalk.,0
32191,"Was a really nice hotel, great views of the marina and convenient to get to the shopping centre but not sure if I would stay again, due to the price.",0
41576,"We stayed for just one night on the way to Thailand, and it was just amazing!",0
63562,"Definitely recommend this hotel either family leisure or business trip, will definitely come back again.",0
55143,"The day spa is fantastic, massages are world class.",0
63490,"The pool of course is amazing and let's face it, everyday your in Singapore and your not staying at MBS you will be looking up thinking 'I should have booked it'.",0
65202,unfortunately could not take a photo of the famous views of the swimming pool .,0
47907,This will be my pick again should I come back to Singapore.,0
69864,"Nevertheless, all in all I would recommend everybody who comes to Singapore to stay in this nice Hotel.",0
68530,"Waiting tome for check in and check out were long, even if you stay in club room or suite.",0
68412,Both rooms had that.,0
67253,"We originally were told a meal could be prepared for our son that would be free of his allergens, only to be called back 30 minutes later stating this was not possible after all.",0
1107,Particularly Mr. Sean had taken care that my 3 year old baby is also served well.,0
64668,do go upto the pool if ur staying in there as swimmimg over singapore would make u feel larger than life.,1
17268,Fitness aficionados must try the Banyan Tree Fitness Centre on level 55 of Tower 2.,1
44412,Buffet spread in Rise is good but expansive & please make reservation should you plan to dine there.,1
16039,The service provided was exceptional.,0
27358,"The pool is worth the money alone it is amazing, there are plenty of sun beds, lovely fresh pool towels, waiter service everything you could want.",0
54171,The huge window-wall - gives you amazing view at night.,0
23285,Would love to be back one day.,0
62526,"Because we were originally given a room in the right in front of the elevator with two adjoining rooms which were not soundproof at all, we requested a room change because of the noice and instead we were upgraded from a 500 sqft room on the 18th floor with a bay view, to a 1000 sqft on the 38th floor with a panoramic city view and were surprised to see that the room was double the size but with the exact same furnishings, leaving so much unused empty space in the room .",0
51466,If you had mobility issues or you were unsteady on your feet I am not sure this would be a good option.,1
50445,We had buffett breakfast downstairs with everything you would expect drinks in the main bar.,0
37536,"breakfast was fantastic, expensive, but worth it, so make sure u are hungry is my bit of advice, kept us going the whole day!",1
6694,Thank you for transferring this TODAY PLEASE deposit to me.,0
40752,You also need to ensure that nobody attempts to move or take out any items in the fridge as you will be billed automatically.,1
43493,Bayfront MRT is also close to the hotel.,0
4235,I would suggest the house keeping team could prepare a pair of scissors for guests to use in room.,1
14011,"All in all it was a wonderful stay, but very expensive for what it was.",1
32237,No need to say about amazing view and good cocktails!,0
5679,Mind well..if you are off to the airport from the hotel...most of the taxi companies have a fixed price,0
60337,And it should all be great,0
22289,"Service was invented in this city and it should be mandatory for any American Hotel management training to spend some time here understanding the art of service, that isn't tip driven.",0
40615,"Quite to my surprise, despite the scale of the hotel, there are personal touches, but when in public areas, such as the lobby or the worlds largest rim flow pool, you can feel overwhelmed by the sheer amount of people.",1
11110,"And the rooftop pool,  unbelievable.",0
37092,"In many other places people would occupied the chairs and go away and not use them, so in Marina bay this is not the case :-)",1
67741,"If you are lucky enough to go to Singapore, the cherry on top would be to stay in this jewel of the hospitality industry and bathe on one of the most magnificent infinity pools on the 58th floor.",0
31115,I don't think I had appreciated the sheer scale of the place and realized just how much it would feel like a huge Las Vegas hotel (I guess the clue was in the name!).,0
2798,"With three rooms to manage, I ended memorising the booking reservation codes for all three rooms because you need to key them in for every little booking or tweaks you want to make.",1
40498,"Overall, I would always book this experience again-",0
26316,We decided at check-in to see if we could change it to the City View since it would be amazing to see the sunset and city lights turn on at night.,0
47286,"Breakfast, Afternoon Tea and Cocktails are available during certain times of the day in Club 55 and all apart of the Club Room rate.",0
50973,The city view was spectacular at night and bed was fantastically comfortable.,0
36132,This was the only fault we could find with the hotel - no late night restaurants or if there was it wasn't advertised very well and the staff didn't know about it.,1
44427,The accommodation is just sensational.,0
8078,"Everyone knows about the pool on top, and it certainly doesn't disappoint, but there's a lot more to this property and our stay there really put the finishing touch on a perfect honeymoon.",0
5194,Will definitely consider my go-to location for future Singapore visits!,0
15317,I stayed here for 5 nights on my last trip and it could not have been better.,0
43124,I didn't try any fine dining because I just wanted simple tasty local food.,0
44312,Also the amount the block as a deposit ( cash or credit card ) is a larger sum which people should be aware of,1
69140,One of the finest building in Singapore which has lots of great clubs to visit.,0
3335,"What surprised me is the late check-in time, only starting at 3 pm and the early check-out at 11 am.",1
41502,The food for in room service are also good.,0
30050,Sky desk & sky bar are both worth for going no matter in the day time or the night (make sure you wear some jackets) with the winds are quite big.,1
29035,Our check in was fast and after  10 minutes we were in our room.,0
21803,"We had a meal in Ce La Vie the hotel fine dining restaurant on 57th floor, again menu, food and service was stunning.",0
50251,"However for Muslim travellers, please note halal eating options around the place are very limited - only Texas Chicken and McDonalds are halal certified and both are based in the cloud forest / super tree grove area and a 15 minute walk in super heat and humidity.",1
11738,I could go on and on brilliant.,0
13196,"I could fault nothing - the staff were amazing, our room spotless and the view incredible, the Hotel is just Wow!",0
66921,You will not be disappointed with this hotel!,0
69389,"The check out also you could do from Your room, because the line on the front desks are big.",1
5529,"The lobby is alot like a Las Vegas hotel:  bustling, loud, almost over-stimulating.",0
64885,Could not fault the service or the food.,0
10693,"The swimming pool has one of the best views in the world but unfortunately it gets very crowed and in turn it looses the ambiance, hence why we have never wanted to swim in the pool.",1
7547,The view was wonderful and worth it.,0
68398,The staff is friendly and helpful.,0
25025,Mostly you have to wait for ten to twenty minutes during the morning but the staff is very efficient and once you are seated you only have to enjoy a great breakfast.,1
19113,Pool:  Now onto the main event and probably the main reason everyone stays here - THE POOL.,0
5481,"If you have the time and money to spend (not just for the viewing deck), maybe a special occasion, please stay here to experience the service, warmth, cleanliness, cuisine, infinity pool and breathtaking views of this iconic hotel.",0
24008,"Other than that, the corridors downstairs to the metro and shops I found really confusing and with poor signage.",1
12814,The reason I keep on coming back is for the sake of the view and the infinity pool.,0
22291,Thank you for day 1 perfection.,0
6409,The room is super spacious with amazing view of the skyline and harbourfront.,0
10952,Lots of places to choose to eat at including the breakfast buffets in the morning.,0
21522,The mall attached to the hotel is massive but generally empty-ish.,1
61433,The water quality was quite poor on the day I visited (Summer weekdays).,1
14031,"2,500 rooms.",0
53237,"Breakfast was served in Club55 and was excellent, the bacon was superb the best we had ever had it, it just melted in your mouth.",0
36077,"Shoppes by the bay (the adjoining shipping mall) offer a similar mark up so if you were restricted  to the immediate vicinity,  you could spend a small fortune.",1
28240,"Unfortunely we were given a room on the 6th floor, not high at all.",0
22854,Recommend this place if anyone is visiting Singapore.,0
7607,"Oh, and by the way",0
20010,Would love to go back.,0
27749,"so try to get up there early, or later on in the evening.",0
48987,"Our twin room had 2 large comfortable double beds, desk, plenty of wardrobe and luggage space, tv and a floor to ceiling window looking on to the Marina.",0
37561,The infinity pool is amazing and so is the shopping experience .,0
51019,Staff were always helpful & provided a cake for a recent birthday!!!,0
40823,It should be said that it is probably one of the most expensive areas of Singapore.,0
65382,"but that's what it was built for i suppose :)    overall a great experience, it is totally worth the money.",0
55077,The service is not personnalized as there are too many people and we got several different answers at  the same question.,1
39931,"I recommend a city view, but the seaview rooms have balconies, which is a plus.",0
32626,Receptionist Service : 80%   MBS became tourist attraction and felt like im doing a favor while checking in     MBS Skypook : Limited to # of person per room,1
50538,"The swimming pool on the roof is amazing, better go there EARLY in the Morning.",1
14792,"There are all these theories about the best time to go to the pool,  ie between the hours of check out and check-in and other wives tales.",1
24708,and i think that is part of the attraction.,0
40104,"Whatever I've asked them, they always recommended me offers from themself or their partners.",0
64179,I booked in and the lovely Thersa could not be nicer or more efficient.,0
33931,We got an upgrade to the 31st floor and got our room early upon arriving.,0
52892,The highlight of this hotel is the infinity pool which is built on top of the building roof...,0
40852,"He said it was opened yesterday and it could not be poured tomorrow, so we were welcome to the lot.",0
50074,There are two options either garden view or city view.,0
55638,Don'f forget to carry your passport if want to try some luck at the casino.,1
10519,Absolutely massive and for that reason I would say it feels like more of a business hotel that anything else.,0
6438,"We enjoyed access to the famous roof top pool and took an early morning swim - its actually quite peaceful in the morning hours; later on, its a mad house, but what would you expect?",0
8117,Best breath taking view...,0
12008,Service was superb.,0
44653,Would definitely come next trip and bring wifey along and will request a higher floor and maybe the garden view.,0
33615,"Food is quite expensive in the mall and hotel, but go to the Sweet Spot for breakfast and lunch.",1
5784,Breakfast was great and very large variety for all meal and food preferences.,0
15955,"Overall, impressive, but expensive, and no better than other good 3 star/4 star hotels that we have stayind in.",0
17926,Shopping area is almost all Gucci / Versace like shops and nothing I would spend money on.,0
67214,"so no one tries to pull a fast one and try to bring in no hotel visitors in without permission, pool hours are from 6am-11PM.",0
46667,It was so nice to just swim to the edge and look over this wonderful city.,0
55288,The infinity pool on top was fun to try.,0
46540,All the rooms I saw had a great view.,0
45199,"the room was very nice with a vew on the gardens, consider to choose this rather than marina view,which can be experienced from other places as well.",1
4009,I just wish they had a way to speed up the process so that guests didnt have to queue for 30minutes.,1
19704,"Perhaps hotel management could consider introducing internet check-in, just like the airlines, to speed up the process?",1
28402,"The room was very clean, spacious, and had the quality you would expect.",0
40977,"We were hoping for something different, some hotels would present a simple cake for couples celebrating their special occasion.",1
27036,Be aware if you drink or eat in the hotel it 's very expensive.,1
41210,Try rooms over 20th floor with a view to the city.,1
52268,We stayed in the Deluxe Room with Garden View.,0
9173,Casino for everyone who want to try his luck...  Very kind stuff at the reception and very easy and quick access to gardens by the bay...,0
44729,"Don't hesitate to visit it, it's worth it.",1
8492,The pool is amazing and the view from the pool is iconic.,0
3319,We brought bicycles and we could keep them safely in the storage room right outside of tower 3.,0
62298,I would come back and stay again.,0
57640,"On the whole though, MBS is a great place to stay and would most definitely like to stay again.",0
4370,I would like to compliment your entire staff for being so professional.,0
27357,"There is no shuttle to the airport, but even ealry in the morning it should be okay to find a taxi.",0
29805,"When I inquired about this I was told to line up at the check in counter as from 11:00 am, if there is a room available you will be directed to that room which we did, we were in the room at 11:15 with our luggage a couple of minutes behind us.",0
57173,"I recommend 2 day in The Marina Bay Hotel, is enough to join the pool and the attractions around!",1
35137,We'll definitely come back and suggest this to our friends and family.,0
31897,"This is a fantastic hotel very welcoming and professional, we wish we could have stayed longer.",0
34064,I would dare say it's probably the largest and certainly most photographed.,0
62667,"Staff were always polite, smiling and helpful.",0
55535,We could see the laser show on the river at night right from the comfort of our hotel room.,0
56328,"I would stay here again, although it was expensive, the facilities in the hotel make it worth it.",0
4055,It was a staycation and would say the money was worth it for.,0
68397,Was greeted warmly and check in was a breeze.,0
65533,The view from the room and the rooftop restaurant/bar is amazing and the infinity pool is definitely a must!!,0
4661,We would never dream of experiencing such an amazing stay because of him !,0
26717,The staff are very friendly and accommodating.,0
37521,This place has over 2300 rooms and in the downstairs lobby you feel like an ant,0
14898,"The New Year 's eve party at Lavo was a bit chaotic at first (rather go watch the fireworks at the pool) but after midnight it got so much better, we had lots of fun!",1
47767,"Food is excellent ,plus friendliness of staff .Everyone was so helpful and I fully recommend their Sunday buffet lunch .",1
51601,With shopping & dining galore it's practically a one stop paradise.,0
5802,Worth staying just to use the infinity pool!!!,0
63852,"Checking out was fast, and again, the people who handled my bags were the genuine ones helping us keep our bags while we checked out, and assisted us all the way till we got our cab to head to the airport.",0
54213,We had a large room on 38th floor with a great view of Singapore skyline and across    Would definitely stay again,0
11668,"Spending 7 days in the Maldives I didn't think our trip could be topped , as we arrived late into Singapore (there were 9 of us)",0
43388,You need to experience this hotel at least once in your life and I did it.,1
9972,We relaxed in the infinity pool in level 57 and it 's a great experience.,0
29515,Every evening in this hotel Anna who was one of the evening hosts would stop by and ask us what we had done that day.,0
18394,The most famous Singapore Sling a must try too.,1
62852,"At the Club Lounge later, the ladies manning the desk there were horrified at how I was treated.",0
15380,"We spent the bulk of the day poolside on the 57th floor, this was a memorable experience, the pool glass-walled infinity pool is indescribable so I won 't even try.",0
33644,"We have received higher floor room but with Gardens by bay view, which was still amazing, and it had small balcony.",0
51502,All UK plugs throughout Singapore.,0
8458,the price was good,0
27402,"Well Done MBS :) Have been to so many luxury hotels and your employees are very well trained to delight customers..  + Conveniently located / Connected to EXPO, Shops and Restaurants  +",0
13586,Not many people swimming though just seems everyone is taking selfies.,0
40145,before coming to MBS I read most of the reviews good and bad but I must say once I got there I could see for myself it is the best place to stay in Singapore yes check in can be a little challenging,0
2051,"Great service, amazing food and such a great location.",0
54865,One of the best hotels I have ever seen.,0
64214,"Also, it might be worth getting the club rooms as well as you get added bonuses in the Club Lounge.",1
9989,That would be a YES!!!,0
21611,A pleasure of mind and body.,0
61382,"A special mention goes to David the Food & Beverage Assistant Manager was so thoughtful we were waiting to be seated for breakfast and had to wait a while because of the volume of people , he went and got a chair for my daughter , very attentative and professional.",0
45248,"Totally commend this hotel what an amazing place, would definitely recommend to anyone going to Singapore, top star rating, thank you for such a fab stay",0
68796,One of the amenity that i really want to try before we check-out is the infinity pool (they have 3!,0
59918,Make sure you look up for a good room in advance.. one with their garden facing view..,1
32659,"It Was Very Amazing Hotel, I came to Singapore second times and have a chance to visit and stay here.",0
7750,But anyways stunning view there,0
